"","X","ID","Timepoint","Age_days","Age_weeks","Intervention","Diet","Treatment","Genotype","TreatmentGroup","Cage","Sex","resampled_log_full_det","resampled_log_nlin_det","dependentvariable"
"1",1,"10_001",1,59,8.42857142857143,"Control","Control","Control","WT","Ctrl_LFD_WT",106,"M","/data/chamal/projects/chloe/2017_lifestyle/Chloe/3_derivatives/scan/Pydpiper/RCA_25August2019_first_level/10_001_processed/mch_rca_1110_001_20180705_131017_131073_mri_lsq6/mch_rca_1110_001_20180705_131017_131073_mri_lsq6_I_lsq6_lsq12_and_nlin_inverted_displ_log_det_abs_fwhm0.2_res_to_RCA_25August2019_second_level-nlin-3.mnc","/data/chamal/projects/chloe/2017_lifestyle/Chloe/3_derivatives/scan/Pydpiper/RCA_25August2019_first_level/10_001_processed/mch_rca_1110_001_20180705_131017_131073_mri_lsq6/mch_rca_1110_001_20180705_131017_131073_mri_lsq6_I_lsq6_lsq12_and_nlin__concat_inverted_linear_part_displ_log_det_rel_fwhm0.2_res_to_RCA_25August2019_second_level-nlin-3.mnc",0.937924095333525
"2",2,"10_001",2,121,17.2857142857143,"Control","Control","Control","WT","Ctrl_LFD_WT",106,"M","/data/chamal/projects/chloe/2017_lifestyle/Chloe/3_derivatives/scan/Pydpiper/RCA_25August2019_first_level/10_001_processed/mch_rca_1210_001_20180905_114432_131073_mri_lsq6/mch_rca_1210_001_20180905_114432_131073_mri_lsq6_I_lsq6_lsq12_and_nlin_inverted_displ_log_det_abs_fwhm0.2_res_to_RCA_25August2019_second_level-nlin-3.mnc","/data/chamal/projects/chloe/2017_lifestyle/Chloe/3_derivatives/scan/Pydpiper/RCA_25August2019_first_level/10_001_processed/mch_rca_1210_001_20180905_114432_131073_mri_lsq6/mch_rca_1210_001_20180905_114432_131073_mri_lsq6_I_lsq6_lsq12_and_nlin__concat_inverted_linear_part_displ_log_det_rel_fwhm0.2_res_to_RCA_25August2019_second_level-nlin-3.mnc",0.898570764262869
"3",3,"10_001",3,183,26.1428571428571,"Control","Control","Control","WT","Ctrl_LFD_WT",106,"M","/data/chamal/projects/chloe/2017_lifestyle/Chloe/3_derivatives/scan/Pydpiper/RCA_25August2019_first_level/10_001_processed/mch_rca_1310_001_20181106_121119_131073_mri_lsq6/mch_rca_1310_001_20181106_121119_131073_mri_lsq6_I_lsq6_lsq12_and_nlin_inverted_displ_log_det_abs_fwhm0.2_res_to_RCA_25August2019_second_level-nlin-3.mnc","/data/chamal/projects/chloe/2017_lifestyle/Chloe/3_derivatives/scan/Pydpiper/RCA_25August2019_first_level/10_001_processed/mch_rca_1310_001_20181106_121119_131073_mri_lsq6/mch_rca_1310_001_20181106_121119_131073_mri_lsq6_I_lsq6_lsq12_and_nlin__concat_inverted_linear_part_displ_log_det_rel_fwhm0.2_res_to_RCA_25August2019_second_level-nlin-3.mnc",1.12762203668126
"4",4,"10_002",1,59,8.42857142857143,"Control","Control","Control","WT","Ctrl_LFD_WT",106,"M","/data/chamal/projects/chloe/2017_lifestyle/Chloe/3_derivatives/scan/Pydpiper/RCA_25August2019_first_level/10_002_processed/mch_rca_1110_002_20180705_133010_131073_mri_lsq6/mch_rca_1110_002_20180705_133010_131073_mri_lsq6_I_lsq6_lsq12_and_nlin_inverted_displ_log_det_abs_fwhm0.2_res_to_RCA_25August2019_second_level-nlin-3.mnc","/data/chamal/projects/chloe/2017_lifestyle/Chloe/3_derivatives/scan/Pydpiper/RCA_25August2019_first_level/10_002_processed/mch_rca_1110_002_20180705_133010_131073_mri_lsq6/mch_rca_1110_002_20180705_133010_131073_mri_lsq6_I_lsq6_lsq12_and_nlin__concat_inverted_linear_part_displ_log_det_rel_fwhm0.2_res_to_RCA_25August2019_second_level-nlin-3.mnc",0.940731407475802
"5",5,"10_002",2,121,17.2857142857143,"Control","Control","Control","WT","Ctrl_LFD_WT",106,"M","/data/chamal/projects/chloe/2017_lifestyle/Chloe/3_derivatives/scan/Pydpiper/RCA_25August2019_first_level/10_002_processed/mch_rca_1210_002_20180905_120050_131073_mri_lsq6/mch_rca_1210_002_20180905_120050_131073_mri_lsq6_I_lsq6_lsq12_and_nlin_inverted_displ_log_det_abs_fwhm0.2_res_to_RCA_25August2019_second_level-nlin-3.mnc","/data/chamal/projects/chloe/2017_lifestyle/Chloe/3_derivatives/scan/Pydpiper/RCA_25August2019_first_level/10_002_processed/mch_rca_1210_002_20180905_120050_131073_mri_lsq6/mch_rca_1210_002_20180905_120050_131073_mri_lsq6_I_lsq6_lsq12_and_nlin__concat_inverted_linear_part_displ_log_det_rel_fwhm0.2_res_to_RCA_25August2019_second_level-nlin-3.mnc",1.09951215642645
"6",6,"10_002",3,183,26.1428571428571,"Control","Control","Control","WT","Ctrl_LFD_WT",106,"M","/data/chamal/projects/chloe/2017_lifestyle/Chloe/3_derivatives/scan/Pydpiper/RCA_25August2019_first_level/10_002_processed/mch_rca_1310_002_20181106_124119_131073_mri_lsq6/mch_rca_1310_002_20181106_124119_131073_mri_lsq6_I_lsq6_lsq12_and_nlin_inverted_displ_log_det_abs_fwhm0.2_res_to_RCA_25August2019_second_level-nlin-3.mnc","/data/chamal/projects/chloe/2017_lifestyle/Chloe/3_derivatives/scan/Pydpiper/RCA_25August2019_first_level/10_002_processed/mch_rca_1310_002_20181106_124119_131073_mri_lsq6/mch_rca_1310_002_20181106_124119_131073_mri_lsq6_I_lsq6_lsq12_and_nlin__concat_inverted_linear_part_displ_log_det_rel_fwhm0.2_res_to_RCA_25August2019_second_level-nlin-3.mnc",1.02123204088232
"7",7,"10_004",1,59,8.42857142857143,"Control","Control","Control","WT","Ctrl_LFD_WT",107,"F","/data/chamal/projects/chloe/2017_lifestyle/Chloe/3_derivatives/scan/Pydpiper/RCA_25August2019_first_level/10_004_processed/mch_rca_2110_004_20180705_140345_131073_mri_lsq6/mch_rca_2110_004_20180705_140345_131073_mri_lsq6_I_lsq6_lsq12_and_nlin_inverted_displ_log_det_abs_fwhm0.2_res_to_RCA_25August2019_second_level-nlin-3.mnc","/data/chamal/projects/chloe/2017_lifestyle/Chloe/3_derivatives/scan/Pydpiper/RCA_25August2019_first_level/10_004_processed/mch_rca_2110_004_20180705_140345_131073_mri_lsq6/mch_rca_2110_004_20180705_140345_131073_mri_lsq6_I_lsq6_lsq12_and_nlin__concat_inverted_linear_part_displ_log_det_rel_fwhm0.2_res_to_RCA_25August2019_second_level-nlin-3.mnc",0.809830167665849
"8",8,"10_004",2,121,17.2857142857143,"Control","Control","Control","WT","Ctrl_LFD_WT",107,"F","/data/chamal/projects/chloe/2017_lifestyle/Chloe/3_derivatives/scan/Pydpiper/RCA_25August2019_first_level/10_004_processed/mch_rca_2210_004_20180905_122322_131073_mri_lsq6/mch_rca_2210_004_20180905_122322_131073_mri_lsq6_I_lsq6_lsq12_and_nlin_inverted_displ_log_det_abs_fwhm0.2_res_to_RCA_25August2019_second_level-nlin-3.mnc","/data/chamal/projects/chloe/2017_lifestyle/Chloe/3_derivatives/scan/Pydpiper/RCA_25August2019_first_level/10_004_processed/mch_rca_2210_004_20180905_122322_131073_mri_lsq6/mch_rca_2210_004_20180905_122322_131073_mri_lsq6_I_lsq6_lsq12_and_nlin__concat_inverted_linear_part_displ_log_det_rel_fwhm0.2_res_to_RCA_25August2019_second_level-nlin-3.mnc",0.960358025468631
"9",9,"10_004",3,183,26.1428571428571,"Control","Control","Control","WT","Ctrl_LFD_WT",107,"F","/data/chamal/projects/chloe/2017_lifestyle/Chloe/3_derivatives/scan/Pydpiper/RCA_25August2019_first_level/10_004_processed/mch_rca_2310_004_20181106_130314_131073_mri_lsq6/mch_rca_2310_004_20181106_130314_131073_mri_lsq6_I_lsq6_lsq12_and_nlin_inverted_displ_log_det_abs_fwhm0.2_res_to_RCA_25August2019_second_level-nlin-3.mnc","/data/chamal/projects/chloe/2017_lifestyle/Chloe/3_derivatives/scan/Pydpiper/RCA_25August2019_first_level/10_004_processed/mch_rca_2310_004_20181106_130314_131073_mri_lsq6/mch_rca_2310_004_20181106_130314_131073_mri_lsq6_I_lsq6_lsq12_and_nlin__concat_inverted_linear_part_displ_log_det_rel_fwhm0.2_res_to_RCA_25August2019_second_level-nlin-3.mnc",1.30312249113368
"10",10,"10_005",1,59,8.42857142857143,"Control","Control","Control","WT","Ctrl_LFD_WT",107,"F","/data/chamal/projects/chloe/2017_lifestyle/Chloe/3_derivatives/scan/Pydpiper/RCA_25August2019_first_level/10_005_processed/mch_rca_2110_005_20180705_142909_131073_mri_lsq6/mch_rca_2110_005_20180705_142909_131073_mri_lsq6_I_lsq6_lsq12_and_nlin_inverted_displ_log_det_abs_fwhm0.2_res_to_RCA_25August2019_second_level-nlin-3.mnc","/data/chamal/projects/chloe/2017_lifestyle/Chloe/3_derivatives/scan/Pydpiper/RCA_25August2019_first_level/10_005_processed/mch_rca_2110_005_20180705_142909_131073_mri_lsq6/mch_rca_2110_005_20180705_142909_131073_mri_lsq6_I_lsq6_lsq12_and_nlin__concat_inverted_linear_part_displ_log_det_rel_fwhm0.2_res_to_RCA_25August2019_second_level-nlin-3.mnc",0.835453207646774
"11",11,"10_005",2,121,17.2857142857143,"Control","Control","Control","WT","Ctrl_LFD_WT",107,"F","/data/chamal/projects/chloe/2017_lifestyle/Chloe/3_derivatives/scan/Pydpiper/RCA_25August2019_first_level/10_005_processed/mch_rca_2210_005_20180905_124856_131073_mri_lsq6/mch_rca_2210_005_20180905_124856_131073_mri_lsq6_I_lsq6_lsq12_and_nlin_inverted_displ_log_det_abs_fwhm0.2_res_to_RCA_25August2019_second_level-nlin-3.mnc","/data/chamal/projects/chloe/2017_lifestyle/Chloe/3_derivatives/scan/Pydpiper/RCA_25August2019_first_level/10_005_processed/mch_rca_2210_005_20180905_124856_131073_mri_lsq6/mch_rca_2210_005_20180905_124856_131073_mri_lsq6_I_lsq6_lsq12_and_nlin__concat_inverted_linear_part_displ_log_det_rel_fwhm0.2_res_to_RCA_25August2019_second_level-nlin-3.mnc",1.09560369717956
"12",12,"10_005",3,183,26.1428571428571,"Control","Control","Control","WT","Ctrl_LFD_WT",107,"F","/data/chamal/projects/chloe/2017_lifestyle/Chloe/3_derivatives/scan/Pydpiper/RCA_25August2019_first_level/10_005_processed/mch_rca_2310_005_20181106_132324_131073_mri_lsq6/mch_rca_2310_005_20181106_132324_131073_mri_lsq6_I_lsq6_lsq12_and_nlin_inverted_displ_log_det_abs_fwhm0.2_res_to_RCA_25August2019_second_level-nlin-3.mnc","/data/chamal/projects/chloe/2017_lifestyle/Chloe/3_derivatives/scan/Pydpiper/RCA_25August2019_first_level/10_005_processed/mch_rca_2310_005_20181106_132324_131073_mri_lsq6/mch_rca_2310_005_20181106_132324_131073_mri_lsq6_I_lsq6_lsq12_and_nlin__concat_inverted_linear_part_displ_log_det_rel_fwhm0.2_res_to_RCA_25August2019_second_level-nlin-3.mnc",1.0912113432311
"13",13,"10_006",1,59,8.42857142857143,"Control","Control","Control","WT","Ctrl_LFD_WT",107,"F","/data/chamal/projects/chloe/2017_lifestyle/Chloe/3_derivatives/scan/Pydpiper/RCA_25August2019_first_level/10_006_processed/mch_rca_2110_006_20180705_144719_131073_mri_lsq6/mch_rca_2110_006_20180705_144719_131073_mri_lsq6_I_lsq6_lsq12_and_nlin_inverted_displ_log_det_abs_fwhm0.2_res_to_RCA_25August2019_second_level-nlin-3.mnc","/data/chamal/projects/chloe/2017_lifestyle/Chloe/3_derivatives/scan/Pydpiper/RCA_25August2019_first_level/10_006_processed/mch_rca_2110_006_20180705_144719_131073_mri_lsq6/mch_rca_2110_006_20180705_144719_131073_mri_lsq6_I_lsq6_lsq12_and_nlin__concat_inverted_linear_part_displ_log_det_rel_fwhm0.2_res_to_RCA_25August2019_second_level-nlin-3.mnc",1.02129598692959
"14",14,"10_006",2,121,17.2857142857143,"Control","Control","Control","WT","Ctrl_LFD_WT",107,"F","/data/chamal/projects/chloe/2017_lifestyle/Chloe/3_derivatives/scan/Pydpiper/RCA_25August2019_first_level/10_006_processed/mch_rca_2210_006_20180905_130435_131073_mri_lsq6/mch_rca_2210_006_20180905_130435_131073_mri_lsq6_I_lsq6_lsq12_and_nlin_inverted_displ_log_det_abs_fwhm0.2_res_to_RCA_25August2019_second_level-nlin-3.mnc","/data/chamal/projects/chloe/2017_lifestyle/Chloe/3_derivatives/scan/Pydpiper/RCA_25August2019_first_level/10_006_processed/mch_rca_2210_006_20180905_130435_131073_mri_lsq6/mch_rca_2210_006_20180905_130435_131073_mri_lsq6_I_lsq6_lsq12_and_nlin__concat_inverted_linear_part_displ_log_det_rel_fwhm0.2_res_to_RCA_25August2019_second_level-nlin-3.mnc",1.02965807212012
"15",15,"10_006",3,183,26.1428571428571,"Control","Control","Control","WT","Ctrl_LFD_WT",107,"F","/data/chamal/projects/chloe/2017_lifestyle/Chloe/3_derivatives/scan/Pydpiper/RCA_25August2019_first_level/10_006_processed/mch_rca_2310_006_20181106_133730_131073_mri_lsq6/mch_rca_2310_006_20181106_133730_131073_mri_lsq6_I_lsq6_lsq12_and_nlin_inverted_displ_log_det_abs_fwhm0.2_res_to_RCA_25August2019_second_level-nlin-3.mnc","/data/chamal/projects/chloe/2017_lifestyle/Chloe/3_derivatives/scan/Pydpiper/RCA_25August2019_first_level/10_006_processed/mch_rca_2310_006_20181106_133730_131073_mri_lsq6/mch_rca_2310_006_20181106_133730_131073_mri_lsq6_I_lsq6_lsq12_and_nlin__concat_inverted_linear_part_displ_log_det_rel_fwhm0.2_res_to_RCA_25August2019_second_level-nlin-3.mnc",1.00297552876553
"16",16,"10_007",1,53,7.57142857142857,"Control","Control","Control","WT","Ctrl_LFD_WT",111,"F","/data/chamal/projects/chloe/2017_lifestyle/Chloe/3_derivatives/scan/Pydpiper/RCA_25August2019_first_level/10_007_processed/mch_rca_2110_007_20180629_112308_131073_mri_lsq6/mch_rca_2110_007_20180629_112308_131073_mri_lsq6_I_lsq6_lsq12_and_nlin_inverted_displ_log_det_abs_fwhm0.2_res_to_RCA_25August2019_second_level-nlin-3.mnc","/data/chamal/projects/chloe/2017_lifestyle/Chloe/3_derivatives/scan/Pydpiper/RCA_25August2019_first_level/10_007_processed/mch_rca_2110_007_20180629_112308_131073_mri_lsq6/mch_rca_2110_007_20180629_112308_131073_mri_lsq6_I_lsq6_lsq12_and_nlin__concat_inverted_linear_part_displ_log_det_rel_fwhm0.2_res_to_RCA_25August2019_second_level-nlin-3.mnc",0.815342646803678
"17",17,"10_007",2,113,16.1428571428571,"Control","Control","Control","WT","Ctrl_LFD_WT",111,"F","/data/chamal/projects/chloe/2017_lifestyle/Chloe/3_derivatives/scan/Pydpiper/RCA_25August2019_first_level/10_007_processed/mch_rca_2210_007_20180828_183411_131073_mri_lsq6/mch_rca_2210_007_20180828_183411_131073_mri_lsq6_I_lsq6_lsq12_and_nlin_inverted_displ_log_det_abs_fwhm0.2_res_to_RCA_25August2019_second_level-nlin-3.mnc","/data/chamal/projects/chloe/2017_lifestyle/Chloe/3_derivatives/scan/Pydpiper/RCA_25August2019_first_level/10_007_processed/mch_rca_2210_007_20180828_183411_131073_mri_lsq6/mch_rca_2210_007_20180828_183411_131073_mri_lsq6_I_lsq6_lsq12_and_nlin__concat_inverted_linear_part_displ_log_det_rel_fwhm0.2_res_to_RCA_25August2019_second_level-nlin-3.mnc",1.07027078266018
"18",18,"10_007",3,183,26.1428571428571,"Control","Control","Control","WT","Ctrl_LFD_WT",111,"F","/data/chamal/projects/chloe/2017_lifestyle/Chloe/3_derivatives/scan/Pydpiper/RCA_25August2019_first_level/10_007_processed/mch_rca_2310_007_20181106_151827_131073_mri_lsq6/mch_rca_2310_007_20181106_151827_131073_mri_lsq6_I_lsq6_lsq12_and_nlin_inverted_displ_log_det_abs_fwhm0.2_res_to_RCA_25August2019_second_level-nlin-3.mnc","/data/chamal/projects/chloe/2017_lifestyle/Chloe/3_derivatives/scan/Pydpiper/RCA_25August2019_first_level/10_007_processed/mch_rca_2310_007_20181106_151827_131073_mri_lsq6/mch_rca_2310_007_20181106_151827_131073_mri_lsq6_I_lsq6_lsq12_and_nlin__concat_inverted_linear_part_displ_log_det_rel_fwhm0.2_res_to_RCA_25August2019_second_level-nlin-3.mnc",1.07138553192805
"19",19,"10_008",1,53,7.57142857142857,"Control","Control","Control","WT","Ctrl_LFD_WT",111,"F","/data/chamal/projects/chloe/2017_lifestyle/Chloe/3_derivatives/scan/Pydpiper/RCA_25August2019_first_level/10_008_processed/mch_rca_2110_008_20180629_113931_131073_mri_lsq6/mch_rca_2110_008_20180629_113931_131073_mri_lsq6_I_lsq6_lsq12_and_nlin_inverted_displ_log_det_abs_fwhm0.2_res_to_RCA_25August2019_second_level-nlin-3.mnc","/data/chamal/projects/chloe/2017_lifestyle/Chloe/3_derivatives/scan/Pydpiper/RCA_25August2019_first_level/10_008_processed/mch_rca_2110_008_20180629_113931_131073_mri_lsq6/mch_rca_2110_008_20180629_113931_131073_mri_lsq6_I_lsq6_lsq12_and_nlin__concat_inverted_linear_part_displ_log_det_rel_fwhm0.2_res_to_RCA_25August2019_second_level-nlin-3.mnc",0.775715320828653
"20",20,"10_008",2,113,16.1428571428571,"Control","Control","Control","WT","Ctrl_LFD_WT",111,"F","/data/chamal/projects/chloe/2017_lifestyle/Chloe/3_derivatives/scan/Pydpiper/RCA_25August2019_first_level/10_008_processed/mch_rca_2210_008_20180828_185509_131073_mri_lsq6/mch_rca_2210_008_20180828_185509_131073_mri_lsq6_I_lsq6_lsq12_and_nlin_inverted_displ_log_det_abs_fwhm0.2_res_to_RCA_25August2019_second_level-nlin-3.mnc","/data/chamal/projects/chloe/2017_lifestyle/Chloe/3_derivatives/scan/Pydpiper/RCA_25August2019_first_level/10_008_processed/mch_rca_2210_008_20180828_185509_131073_mri_lsq6/mch_rca_2210_008_20180828_185509_131073_mri_lsq6_I_lsq6_lsq12_and_nlin__concat_inverted_linear_part_displ_log_det_rel_fwhm0.2_res_to_RCA_25August2019_second_level-nlin-3.mnc",0.991504848042441
"21",21,"10_008",3,183,26.1428571428571,"Control","Control","Control","WT","Ctrl_LFD_WT",111,"F","/data/chamal/projects/chloe/2017_lifestyle/Chloe/3_derivatives/scan/Pydpiper/RCA_25August2019_first_level/10_008_processed/mch_rca_2310_008_20181106_153836_131073_mri_lsq6/mch_rca_2310_008_20181106_153836_131073_mri_lsq6_I_lsq6_lsq12_and_nlin_inverted_displ_log_det_abs_fwhm0.2_res_to_RCA_25August2019_second_level-nlin-3.mnc","/data/chamal/projects/chloe/2017_lifestyle/Chloe/3_derivatives/scan/Pydpiper/RCA_25August2019_first_level/10_008_processed/mch_rca_2310_008_20181106_153836_131073_mri_lsq6/mch_rca_2310_008_20181106_153836_131073_mri_lsq6_I_lsq6_lsq12_and_nlin__concat_inverted_linear_part_displ_log_det_rel_fwhm0.2_res_to_RCA_25August2019_second_level-nlin-3.mnc",1.10340177461016
"22",22,"10_009",1,53,7.57142857142857,"Control","Control","Control","WT","Ctrl_LFD_WT",111,"F","/data/chamal/projects/chloe/2017_lifestyle/Chloe/3_derivatives/scan/Pydpiper/RCA_25August2019_first_level/10_009_processed/mch_rca_2110_009_20180629_120643_131073_mri_lsq6/mch_rca_2110_009_20180629_120643_131073_mri_lsq6_I_lsq6_lsq12_and_nlin_inverted_displ_log_det_abs_fwhm0.2_res_to_RCA_25August2019_second_level-nlin-3.mnc","/data/chamal/projects/chloe/2017_lifestyle/Chloe/3_derivatives/scan/Pydpiper/RCA_25August2019_first_level/10_009_processed/mch_rca_2110_009_20180629_120643_131073_mri_lsq6/mch_rca_2110_009_20180629_120643_131073_mri_lsq6_I_lsq6_lsq12_and_nlin__concat_inverted_linear_part_displ_log_det_rel_fwhm0.2_res_to_RCA_25August2019_second_level-nlin-3.mnc",0.885894164091868
"23",23,"10_009",2,113,16.1428571428571,"Control","Control","Control","WT","Ctrl_LFD_WT",111,"F","/data/chamal/projects/chloe/2017_lifestyle/Chloe/3_derivatives/scan/Pydpiper/RCA_25August2019_first_level/10_009_processed/mch_rca_2210_009_20180828_191208_131073_mri_lsq6/mch_rca_2210_009_20180828_191208_131073_mri_lsq6_I_lsq6_lsq12_and_nlin_inverted_displ_log_det_abs_fwhm0.2_res_to_RCA_25August2019_second_level-nlin-3.mnc","/data/chamal/projects/chloe/2017_lifestyle/Chloe/3_derivatives/scan/Pydpiper/RCA_25August2019_first_level/10_009_processed/mch_rca_2210_009_20180828_191208_131073_mri_lsq6/mch_rca_2210_009_20180828_191208_131073_mri_lsq6_I_lsq6_lsq12_and_nlin__concat_inverted_linear_part_displ_log_det_rel_fwhm0.2_res_to_RCA_25August2019_second_level-nlin-3.mnc",1.11456738483654
"24",24,"10_009",3,183,26.1428571428571,"Control","Control","Control","WT","Ctrl_LFD_WT",111,"F","/data/chamal/projects/chloe/2017_lifestyle/Chloe/3_derivatives/scan/Pydpiper/RCA_25August2019_first_level/10_009_processed/mch_rca_2310_009_20181106_160505_131073_mri_lsq6/mch_rca_2310_009_20181106_160505_131073_mri_lsq6_I_lsq6_lsq12_and_nlin_inverted_displ_log_det_abs_fwhm0.2_res_to_RCA_25August2019_second_level-nlin-3.mnc","/data/chamal/projects/chloe/2017_lifestyle/Chloe/3_derivatives/scan/Pydpiper/RCA_25August2019_first_level/10_009_processed/mch_rca_2310_009_20181106_160505_131073_mri_lsq6/mch_rca_2310_009_20181106_160505_131073_mri_lsq6_I_lsq6_lsq12_and_nlin__concat_inverted_linear_part_displ_log_det_rel_fwhm0.2_res_to_RCA_25August2019_second_level-nlin-3.mnc",0.978981174714999
"25",25,"10_010",1,62,8.85714285714286,"Control","Control","Control","WT","Ctrl_LFD_WT",135,"F","/data/chamal/projects/chloe/2017_lifestyle/Chloe/3_derivatives/scan/Pydpiper/RCA_25August2019_first_level/10_010_processed/mch_rca_2110_010_20180926_193030_131073_mri_lsq6/mch_rca_2110_010_20180926_193030_131073_mri_lsq6_I_lsq6_lsq12_and_nlin_inverted_displ_log_det_abs_fwhm0.2_res_to_RCA_25August2019_second_level-nlin-3.mnc","/data/chamal/projects/chloe/2017_lifestyle/Chloe/3_derivatives/scan/Pydpiper/RCA_25August2019_first_level/10_010_processed/mch_rca_2110_010_20180926_193030_131073_mri_lsq6/mch_rca_2110_010_20180926_193030_131073_mri_lsq6_I_lsq6_lsq12_and_nlin__concat_inverted_linear_part_displ_log_det_rel_fwhm0.2_res_to_RCA_25August2019_second_level-nlin-3.mnc",1.05700457224429
"26",26,"10_010",2,111,15.8571428571429,"Control","Control","Control","WT","Ctrl_LFD_WT",135,"F","/data/chamal/projects/chloe/2017_lifestyle/Chloe/3_derivatives/scan/Pydpiper/RCA_25August2019_first_level/10_010_processed/mch_rca_2210_010_20181114_141133_131073_mri_lsq6/mch_rca_2210_010_20181114_141133_131073_mri_lsq6_I_lsq6_lsq12_and_nlin_inverted_displ_log_det_abs_fwhm0.2_res_to_RCA_25August2019_second_level-nlin-3.mnc","/data/chamal/projects/chloe/2017_lifestyle/Chloe/3_derivatives/scan/Pydpiper/RCA_25August2019_first_level/10_010_processed/mch_rca_2210_010_20181114_141133_131073_mri_lsq6/mch_rca_2210_010_20181114_141133_131073_mri_lsq6_I_lsq6_lsq12_and_nlin__concat_inverted_linear_part_displ_log_det_rel_fwhm0.2_res_to_RCA_25August2019_second_level-nlin-3.mnc",0.89403656472752
"27",27,"10_010",3,184,26.2857142857143,"Control","Control","Control","WT","Ctrl_LFD_WT",135,"F","/data/chamal/projects/chloe/2017_lifestyle/Chloe/3_derivatives/scan/Pydpiper/RCA_25August2019_first_level/10_010_processed/mch_rca_2310_010_20190125_220654_131073_mri_lsq6/mch_rca_2310_010_20190125_220654_131073_mri_lsq6_I_lsq6_lsq12_and_nlin_inverted_displ_log_det_abs_fwhm0.2_res_to_RCA_25August2019_second_level-nlin-3.mnc","/data/chamal/projects/chloe/2017_lifestyle/Chloe/3_derivatives/scan/Pydpiper/RCA_25August2019_first_level/10_010_processed/mch_rca_2310_010_20190125_220654_131073_mri_lsq6/mch_rca_2310_010_20190125_220654_131073_mri_lsq6_I_lsq6_lsq12_and_nlin__concat_inverted_linear_part_displ_log_det_rel_fwhm0.2_res_to_RCA_25August2019_second_level-nlin-3.mnc",1.02064798882943
"28",28,"10_011",1,62,8.85714285714286,"Control","Control","Control","WT","Ctrl_LFD_WT",135,"F","/data/chamal/projects/chloe/2017_lifestyle/Chloe/3_derivatives/scan/Pydpiper/RCA_25August2019_first_level/10_011_processed/mch_rca_2110_011_20180926_195541_131073_mri_lsq6/mch_rca_2110_011_20180926_195541_131073_mri_lsq6_I_lsq6_lsq12_and_nlin_inverted_displ_log_det_abs_fwhm0.2_res_to_RCA_25August2019_second_level-nlin-3.mnc","/data/chamal/projects/chloe/2017_lifestyle/Chloe/3_derivatives/scan/Pydpiper/RCA_25August2019_first_level/10_011_processed/mch_rca_2110_011_20180926_195541_131073_mri_lsq6/mch_rca_2110_011_20180926_195541_131073_mri_lsq6_I_lsq6_lsq12_and_nlin__concat_inverted_linear_part_displ_log_det_rel_fwhm0.2_res_to_RCA_25August2019_second_level-nlin-3.mnc",0.929533607906107
"29",29,"10_011",2,111,15.8571428571429,"Control","Control","Control","WT","Ctrl_LFD_WT",135,"F","/data/chamal/projects/chloe/2017_lifestyle/Chloe/3_derivatives/scan/Pydpiper/RCA_25August2019_first_level/10_011_processed/mch_rca_2210_011_20181114_142121_131073_mri_lsq6/mch_rca_2210_011_20181114_142121_131073_mri_lsq6_I_lsq6_lsq12_and_nlin_inverted_displ_log_det_abs_fwhm0.2_res_to_RCA_25August2019_second_level-nlin-3.mnc","/data/chamal/projects/chloe/2017_lifestyle/Chloe/3_derivatives/scan/Pydpiper/RCA_25August2019_first_level/10_011_processed/mch_rca_2210_011_20181114_142121_131073_mri_lsq6/mch_rca_2210_011_20181114_142121_131073_mri_lsq6_I_lsq6_lsq12_and_nlin__concat_inverted_linear_part_displ_log_det_rel_fwhm0.2_res_to_RCA_25August2019_second_level-nlin-3.mnc",0.956791165065863
"30",30,"10_011",3,184,26.2857142857143,"Control","Control","Control","WT","Ctrl_LFD_WT",135,"F","/data/chamal/projects/chloe/2017_lifestyle/Chloe/3_derivatives/scan/Pydpiper/RCA_25August2019_first_level/10_011_processed/mch_rca_2310_011_20190125_222539_131073_mri_lsq6/mch_rca_2310_011_20190125_222539_131073_mri_lsq6_I_lsq6_lsq12_and_nlin_inverted_displ_log_det_abs_fwhm0.2_res_to_RCA_25August2019_second_level-nlin-3.mnc","/data/chamal/projects/chloe/2017_lifestyle/Chloe/3_derivatives/scan/Pydpiper/RCA_25August2019_first_level/10_011_processed/mch_rca_2310_011_20190125_222539_131073_mri_lsq6/mch_rca_2310_011_20190125_222539_131073_mri_lsq6_I_lsq6_lsq12_and_nlin__concat_inverted_linear_part_displ_log_det_rel_fwhm0.2_res_to_RCA_25August2019_second_level-nlin-3.mnc",0.991647574796567
"31",31,"10_012",1,62,8.85714285714286,"Control","Control","Control","WT","Ctrl_LFD_WT",135,"F","/data/chamal/projects/chloe/2017_lifestyle/Chloe/3_derivatives/scan/Pydpiper/RCA_25August2019_first_level/10_012_processed/mch_rca_2110_012_20180927_112020_131073_mri_lsq6/mch_rca_2110_012_20180927_112020_131073_mri_lsq6_I_lsq6_lsq12_and_nlin_inverted_displ_log_det_abs_fwhm0.2_res_to_RCA_25August2019_second_level-nlin-3.mnc","/data/chamal/projects/chloe/2017_lifestyle/Chloe/3_derivatives/scan/Pydpiper/RCA_25August2019_first_level/10_012_processed/mch_rca_2110_012_20180927_112020_131073_mri_lsq6/mch_rca_2110_012_20180927_112020_131073_mri_lsq6_I_lsq6_lsq12_and_nlin__concat_inverted_linear_part_displ_log_det_rel_fwhm0.2_res_to_RCA_25August2019_second_level-nlin-3.mnc",0.883571576645493
"32",32,"10_012",2,111,15.8571428571429,"Control","Control","Control","WT","Ctrl_LFD_WT",135,"F","/data/chamal/projects/chloe/2017_lifestyle/Chloe/3_derivatives/scan/Pydpiper/RCA_25August2019_first_level/10_012_processed/mch_rca_2210_012_20181114_144641_131073_mri_lsq6/mch_rca_2210_012_20181114_144641_131073_mri_lsq6_I_lsq6_lsq12_and_nlin_inverted_displ_log_det_abs_fwhm0.2_res_to_RCA_25August2019_second_level-nlin-3.mnc","/data/chamal/projects/chloe/2017_lifestyle/Chloe/3_derivatives/scan/Pydpiper/RCA_25August2019_first_level/10_012_processed/mch_rca_2210_012_20181114_144641_131073_mri_lsq6/mch_rca_2210_012_20181114_144641_131073_mri_lsq6_I_lsq6_lsq12_and_nlin__concat_inverted_linear_part_displ_log_det_rel_fwhm0.2_res_to_RCA_25August2019_second_level-nlin-3.mnc",1.01722359076745
"33",33,"10_012",3,184,26.2857142857143,"Control","Control","Control","WT","Ctrl_LFD_WT",135,"F","/data/chamal/projects/chloe/2017_lifestyle/Chloe/3_derivatives/scan/Pydpiper/RCA_25August2019_first_level/10_012_processed/mch_rca_2310_012_20190125_223819_131073_mri_lsq6/mch_rca_2310_012_20190125_223819_131073_mri_lsq6_I_lsq6_lsq12_and_nlin_inverted_displ_log_det_abs_fwhm0.2_res_to_RCA_25August2019_second_level-nlin-3.mnc","/data/chamal/projects/chloe/2017_lifestyle/Chloe/3_derivatives/scan/Pydpiper/RCA_25August2019_first_level/10_012_processed/mch_rca_2310_012_20190125_223819_131073_mri_lsq6/mch_rca_2310_012_20190125_223819_131073_mri_lsq6_I_lsq6_lsq12_and_nlin__concat_inverted_linear_part_displ_log_det_rel_fwhm0.2_res_to_RCA_25August2019_second_level-nlin-3.mnc",1.15159424250308
"34",34,"10_013",1,53,7.57142857142857,"Control","Control","Control","WT","Ctrl_LFD_WT",109,"M","/data/chamal/projects/chloe/2017_lifestyle/Chloe/3_derivatives/scan/Pydpiper/RCA_25August2019_first_level/10_013_processed/mch_rca_1110_013_20180629_155700_131073_mri_lsq6/mch_rca_1110_013_20180629_155700_131073_mri_lsq6_I_lsq6_lsq12_and_nlin_inverted_displ_log_det_abs_fwhm0.2_res_to_RCA_25August2019_second_level-nlin-3.mnc","/data/chamal/projects/chloe/2017_lifestyle/Chloe/3_derivatives/scan/Pydpiper/RCA_25August2019_first_level/10_013_processed/mch_rca_1110_013_20180629_155700_131073_mri_lsq6/mch_rca_1110_013_20180629_155700_131073_mri_lsq6_I_lsq6_lsq12_and_nlin__concat_inverted_linear_part_displ_log_det_rel_fwhm0.2_res_to_RCA_25August2019_second_level-nlin-3.mnc",0.803612177232702
"35",35,"10_013",2,121,17.2857142857143,"Control","Control","Control","WT","Ctrl_LFD_WT",109,"M","/data/chamal/projects/chloe/2017_lifestyle/Chloe/3_derivatives/scan/Pydpiper/RCA_25August2019_first_level/10_013_processed/mch_rca_1210_013_20180905_173632_131073_mri_lsq6/mch_rca_1210_013_20180905_173632_131073_mri_lsq6_I_lsq6_lsq12_and_nlin_inverted_displ_log_det_abs_fwhm0.2_res_to_RCA_25August2019_second_level-nlin-3.mnc","/data/chamal/projects/chloe/2017_lifestyle/Chloe/3_derivatives/scan/Pydpiper/RCA_25August2019_first_level/10_013_processed/mch_rca_1210_013_20180905_173632_131073_mri_lsq6/mch_rca_1210_013_20180905_173632_131073_mri_lsq6_I_lsq6_lsq12_and_nlin__concat_inverted_linear_part_displ_log_det_rel_fwhm0.2_res_to_RCA_25August2019_second_level-nlin-3.mnc",0.864837030376919
"36",36,"10_013",3,183,26.1428571428571,"Control","Control","Control","WT","Ctrl_LFD_WT",109,"M","/data/chamal/projects/chloe/2017_lifestyle/Chloe/3_derivatives/scan/Pydpiper/RCA_25August2019_first_level/10_013_processed/mch_rca_1310_013_20181106_140316_131073_mri_lsq6/mch_rca_1310_013_20181106_140316_131073_mri_lsq6_I_lsq6_lsq12_and_nlin_inverted_displ_log_det_abs_fwhm0.2_res_to_RCA_25August2019_second_level-nlin-3.mnc","/data/chamal/projects/chloe/2017_lifestyle/Chloe/3_derivatives/scan/Pydpiper/RCA_25August2019_first_level/10_013_processed/mch_rca_1310_013_20181106_140316_131073_mri_lsq6/mch_rca_1310_013_20181106_140316_131073_mri_lsq6_I_lsq6_lsq12_and_nlin__concat_inverted_linear_part_displ_log_det_rel_fwhm0.2_res_to_RCA_25August2019_second_level-nlin-3.mnc",1.11376841646279
"37",37,"10_014",1,53,7.57142857142857,"Control","Control","Control","WT","Ctrl_LFD_WT",109,"M","/data/chamal/projects/chloe/2017_lifestyle/Chloe/3_derivatives/scan/Pydpiper/RCA_25August2019_first_level/10_014_processed/mch_rca_1110_014_20180629_162219_131073_mri_lsq6/mch_rca_1110_014_20180629_162219_131073_mri_lsq6_I_lsq6_lsq12_and_nlin_inverted_displ_log_det_abs_fwhm0.2_res_to_RCA_25August2019_second_level-nlin-3.mnc","/data/chamal/projects/chloe/2017_lifestyle/Chloe/3_derivatives/scan/Pydpiper/RCA_25August2019_first_level/10_014_processed/mch_rca_1110_014_20180629_162219_131073_mri_lsq6/mch_rca_1110_014_20180629_162219_131073_mri_lsq6_I_lsq6_lsq12_and_nlin__concat_inverted_linear_part_displ_log_det_rel_fwhm0.2_res_to_RCA_25August2019_second_level-nlin-3.mnc",0.796196431190646
"38",38,"10_014",2,121,17.2857142857143,"Control","Control","Control","WT","Ctrl_LFD_WT",109,"M","/data/chamal/projects/chloe/2017_lifestyle/Chloe/3_derivatives/scan/Pydpiper/RCA_25August2019_first_level/10_014_processed/mch_rca_1210_014_20180905_175634_131073_mri_lsq6/mch_rca_1210_014_20180905_175634_131073_mri_lsq6_I_lsq6_lsq12_and_nlin_inverted_displ_log_det_abs_fwhm0.2_res_to_RCA_25August2019_second_level-nlin-3.mnc","/data/chamal/projects/chloe/2017_lifestyle/Chloe/3_derivatives/scan/Pydpiper/RCA_25August2019_first_level/10_014_processed/mch_rca_1210_014_20180905_175634_131073_mri_lsq6/mch_rca_1210_014_20180905_175634_131073_mri_lsq6_I_lsq6_lsq12_and_nlin__concat_inverted_linear_part_displ_log_det_rel_fwhm0.2_res_to_RCA_25August2019_second_level-nlin-3.mnc",1.08361668842319
"39",39,"10_014",3,183,26.1428571428571,"Control","Control","Control","WT","Ctrl_LFD_WT",109,"M","/data/chamal/projects/chloe/2017_lifestyle/Chloe/3_derivatives/scan/Pydpiper/RCA_25August2019_first_level/10_014_processed/mch_rca_1310_014_20181106_141814_131073_mri_lsq6/mch_rca_1310_014_20181106_141814_131073_mri_lsq6_I_lsq6_lsq12_and_nlin_inverted_displ_log_det_abs_fwhm0.2_res_to_RCA_25August2019_second_level-nlin-3.mnc","/data/chamal/projects/chloe/2017_lifestyle/Chloe/3_derivatives/scan/Pydpiper/RCA_25August2019_first_level/10_014_processed/mch_rca_1310_014_20181106_141814_131073_mri_lsq6/mch_rca_1310_014_20181106_141814_131073_mri_lsq6_I_lsq6_lsq12_and_nlin__concat_inverted_linear_part_displ_log_det_rel_fwhm0.2_res_to_RCA_25August2019_second_level-nlin-3.mnc",1.24058519381587
"40",40,"10_015",1,53,7.57142857142857,"Control","Control","Control","WT","Ctrl_LFD_WT",109,"M","/data/chamal/projects/chloe/2017_lifestyle/Chloe/3_derivatives/scan/Pydpiper/RCA_25August2019_first_level/10_015_processed/mch_rca_1110_015_20180629_163932_131073_mri_lsq6/mch_rca_1110_015_20180629_163932_131073_mri_lsq6_I_lsq6_lsq12_and_nlin_inverted_displ_log_det_abs_fwhm0.2_res_to_RCA_25August2019_second_level-nlin-3.mnc","/data/chamal/projects/chloe/2017_lifestyle/Chloe/3_derivatives/scan/Pydpiper/RCA_25August2019_first_level/10_015_processed/mch_rca_1110_015_20180629_163932_131073_mri_lsq6/mch_rca_1110_015_20180629_163932_131073_mri_lsq6_I_lsq6_lsq12_and_nlin__concat_inverted_linear_part_displ_log_det_rel_fwhm0.2_res_to_RCA_25August2019_second_level-nlin-3.mnc",0.839174984011174
"41",41,"10_015",2,121,17.2857142857143,"Control","Control","Control","WT","Ctrl_LFD_WT",109,"M","/data/chamal/projects/chloe/2017_lifestyle/Chloe/3_derivatives/scan/Pydpiper/RCA_25August2019_first_level/10_015_processed/mch_rca_1210_015_20180905_180529_131073_mri_lsq6/mch_rca_1210_015_20180905_180529_131073_mri_lsq6_I_lsq6_lsq12_and_nlin_inverted_displ_log_det_abs_fwhm0.2_res_to_RCA_25August2019_second_level-nlin-3.mnc","/data/chamal/projects/chloe/2017_lifestyle/Chloe/3_derivatives/scan/Pydpiper/RCA_25August2019_first_level/10_015_processed/mch_rca_1210_015_20180905_180529_131073_mri_lsq6/mch_rca_1210_015_20180905_180529_131073_mri_lsq6_I_lsq6_lsq12_and_nlin__concat_inverted_linear_part_displ_log_det_rel_fwhm0.2_res_to_RCA_25August2019_second_level-nlin-3.mnc",1.00958548958175
"42",42,"10_015",3,183,26.1428571428571,"Control","Control","Control","WT","Ctrl_LFD_WT",109,"M","/data/chamal/projects/chloe/2017_lifestyle/Chloe/3_derivatives/scan/Pydpiper/RCA_25August2019_first_level/10_015_processed/mch_rca_1310_015_20181106_143710_131073_mri_lsq6/mch_rca_1310_015_20181106_143710_131073_mri_lsq6_I_lsq6_lsq12_and_nlin_inverted_displ_log_det_abs_fwhm0.2_res_to_RCA_25August2019_second_level-nlin-3.mnc","/data/chamal/projects/chloe/2017_lifestyle/Chloe/3_derivatives/scan/Pydpiper/RCA_25August2019_first_level/10_015_processed/mch_rca_1310_015_20181106_143710_131073_mri_lsq6/mch_rca_1310_015_20181106_143710_131073_mri_lsq6_I_lsq6_lsq12_and_nlin__concat_inverted_linear_part_displ_log_det_rel_fwhm0.2_res_to_RCA_25August2019_second_level-nlin-3.mnc",1.02766077579251
"43",43,"10_016",1,53,7.57142857142857,"Control","Control","Control","WT","Ctrl_LFD_WT",109,"M","/data/chamal/projects/chloe/2017_lifestyle/Chloe/3_derivatives/scan/Pydpiper/RCA_25August2019_first_level/10_016_processed/mch_rca_1110_016_20180629_165918_131073_mri_lsq6/mch_rca_1110_016_20180629_165918_131073_mri_lsq6_I_lsq6_lsq12_and_nlin_inverted_displ_log_det_abs_fwhm0.2_res_to_RCA_25August2019_second_level-nlin-3.mnc","/data/chamal/projects/chloe/2017_lifestyle/Chloe/3_derivatives/scan/Pydpiper/RCA_25August2019_first_level/10_016_processed/mch_rca_1110_016_20180629_165918_131073_mri_lsq6/mch_rca_1110_016_20180629_165918_131073_mri_lsq6_I_lsq6_lsq12_and_nlin__concat_inverted_linear_part_displ_log_det_rel_fwhm0.2_res_to_RCA_25August2019_second_level-nlin-3.mnc",0.659690705873532
"44",44,"10_016",2,121,17.2857142857143,"Control","Control","Control","WT","Ctrl_LFD_WT",109,"M","/data/chamal/projects/chloe/2017_lifestyle/Chloe/3_derivatives/scan/Pydpiper/RCA_25August2019_first_level/10_016_processed/mch_rca_1210_016_20180905_182642_131073_mri_lsq6/mch_rca_1210_016_20180905_182642_131073_mri_lsq6_I_lsq6_lsq12_and_nlin_inverted_displ_log_det_abs_fwhm0.2_res_to_RCA_25August2019_second_level-nlin-3.mnc","/data/chamal/projects/chloe/2017_lifestyle/Chloe/3_derivatives/scan/Pydpiper/RCA_25August2019_first_level/10_016_processed/mch_rca_1210_016_20180905_182642_131073_mri_lsq6/mch_rca_1210_016_20180905_182642_131073_mri_lsq6_I_lsq6_lsq12_and_nlin__concat_inverted_linear_part_displ_log_det_rel_fwhm0.2_res_to_RCA_25August2019_second_level-nlin-3.mnc",0.931545072964249
"45",45,"10_016",3,183,26.1428571428571,"Control","Control","Control","WT","Ctrl_LFD_WT",109,"M","/data/chamal/projects/chloe/2017_lifestyle/Chloe/3_derivatives/scan/Pydpiper/RCA_25August2019_first_level/10_016_processed/mch_rca_1310_016_20181106_145858_131073_mri_lsq6/mch_rca_1310_016_20181106_145858_131073_mri_lsq6_I_lsq6_lsq12_and_nlin_inverted_displ_log_det_abs_fwhm0.2_res_to_RCA_25August2019_second_level-nlin-3.mnc","/data/chamal/projects/chloe/2017_lifestyle/Chloe/3_derivatives/scan/Pydpiper/RCA_25August2019_first_level/10_016_processed/mch_rca_1310_016_20181106_145858_131073_mri_lsq6/mch_rca_1310_016_20181106_145858_131073_mri_lsq6_I_lsq6_lsq12_and_nlin__concat_inverted_linear_part_displ_log_det_rel_fwhm0.2_res_to_RCA_25August2019_second_level-nlin-3.mnc",1.42702438946223
"150",150,"4_001",1,53,7.57142857142857,"HighFat","HighFat","HighFat","3Tg","HFD_Tg",101,"F","/data/chamal/projects/chloe/2017_lifestyle/Chloe/3_derivatives/scan/Pydpiper/RCA_25August2019_first_level/4_001_processed/mch_rca_214_001_20180615_111919_131073_mri_lsq6/mch_rca_214_001_20180615_111919_131073_mri_lsq6_I_lsq6_lsq12_and_nlin_inverted_displ_log_det_abs_fwhm0.2_res_to_RCA_25August2019_second_level-nlin-3.mnc","/data/chamal/projects/chloe/2017_lifestyle/Chloe/3_derivatives/scan/Pydpiper/RCA_25August2019_first_level/4_001_processed/mch_rca_214_001_20180615_111919_131073_mri_lsq6/mch_rca_214_001_20180615_111919_131073_mri_lsq6_I_lsq6_lsq12_and_nlin__concat_inverted_linear_part_displ_log_det_rel_fwhm0.2_res_to_RCA_25August2019_second_level-nlin-3.mnc",0.910196778998614
"151",151,"4_001",2,114,16.2857142857143,"HighFat","HighFat","HighFat","3Tg","HFD_Tg",101,"F","/data/chamal/projects/chloe/2017_lifestyle/Chloe/3_derivatives/scan/Pydpiper/RCA_25August2019_first_level/4_001_processed/mch_rca224_001_20180815_152506_131073_mri_lsq6/mch_rca224_001_20180815_152506_131073_mri_lsq6_I_lsq6_lsq12_and_nlin_inverted_displ_log_det_abs_fwhm0.2_res_to_RCA_25August2019_second_level-nlin-3.mnc","/data/chamal/projects/chloe/2017_lifestyle/Chloe/3_derivatives/scan/Pydpiper/RCA_25August2019_first_level/4_001_processed/mch_rca224_001_20180815_152506_131073_mri_lsq6/mch_rca224_001_20180815_152506_131073_mri_lsq6_I_lsq6_lsq12_and_nlin__concat_inverted_linear_part_displ_log_det_rel_fwhm0.2_res_to_RCA_25August2019_second_level-nlin-3.mnc",1.10405324342445
"152",152,"4_001",3,169,24.1428571428571,"HighFat","HighFat","HighFat","3Tg","HFD_Tg",101,"F","/data/chamal/projects/chloe/2017_lifestyle/Chloe/3_derivatives/scan/Pydpiper/RCA_25August2019_first_level/4_001_processed/mch_rca_234_001_20181009_112002_131073_mri_lsq6/mch_rca_234_001_20181009_112002_131073_mri_lsq6_I_lsq6_lsq12_and_nlin_inverted_displ_log_det_abs_fwhm0.2_res_to_RCA_25August2019_second_level-nlin-3.mnc","/data/chamal/projects/chloe/2017_lifestyle/Chloe/3_derivatives/scan/Pydpiper/RCA_25August2019_first_level/4_001_processed/mch_rca_234_001_20181009_112002_131073_mri_lsq6/mch_rca_234_001_20181009_112002_131073_mri_lsq6_I_lsq6_lsq12_and_nlin__concat_inverted_linear_part_displ_log_det_rel_fwhm0.2_res_to_RCA_25August2019_second_level-nlin-3.mnc",1.0245799939015
"153",153,"4_003",1,53,7.57142857142857,"HighFat","HighFat","HighFat","3Tg","HFD_Tg",101,"F","/data/chamal/projects/chloe/2017_lifestyle/Chloe/3_derivatives/scan/Pydpiper/RCA_25August2019_first_level/4_003_processed/mch_rca_214_003_20180615_115604_131073_mri_lsq6/mch_rca_214_003_20180615_115604_131073_mri_lsq6_I_lsq6_lsq12_and_nlin_inverted_displ_log_det_abs_fwhm0.2_res_to_RCA_25August2019_second_level-nlin-3.mnc","/data/chamal/projects/chloe/2017_lifestyle/Chloe/3_derivatives/scan/Pydpiper/RCA_25August2019_first_level/4_003_processed/mch_rca_214_003_20180615_115604_131073_mri_lsq6/mch_rca_214_003_20180615_115604_131073_mri_lsq6_I_lsq6_lsq12_and_nlin__concat_inverted_linear_part_displ_log_det_rel_fwhm0.2_res_to_RCA_25August2019_second_level-nlin-3.mnc",1.04753003803091
"154",154,"4_003",2,114,16.2857142857143,"HighFat","HighFat","HighFat","3Tg","HFD_Tg",101,"F","/data/chamal/projects/chloe/2017_lifestyle/Chloe/3_derivatives/scan/Pydpiper/RCA_25August2019_first_level/4_003_processed/mch_rca224_003_20180815_152645_131073_mri_lsq6/mch_rca224_003_20180815_152645_131073_mri_lsq6_I_lsq6_lsq12_and_nlin_inverted_displ_log_det_abs_fwhm0.2_res_to_RCA_25August2019_second_level-nlin-3.mnc","/data/chamal/projects/chloe/2017_lifestyle/Chloe/3_derivatives/scan/Pydpiper/RCA_25August2019_first_level/4_003_processed/mch_rca224_003_20180815_152645_131073_mri_lsq6/mch_rca224_003_20180815_152645_131073_mri_lsq6_I_lsq6_lsq12_and_nlin__concat_inverted_linear_part_displ_log_det_rel_fwhm0.2_res_to_RCA_25August2019_second_level-nlin-3.mnc",1.03128503384821
"155",155,"4_003",3,169,24.1428571428571,"HighFat","HighFat","HighFat","3Tg","HFD_Tg",101,"F","/data/chamal/projects/chloe/2017_lifestyle/Chloe/3_derivatives/scan/Pydpiper/RCA_25August2019_first_level/4_003_processed/mch_rca_234_003_20181009_115709_131073_mri_lsq6/mch_rca_234_003_20181009_115709_131073_mri_lsq6_I_lsq6_lsq12_and_nlin_inverted_displ_log_det_abs_fwhm0.2_res_to_RCA_25August2019_second_level-nlin-3.mnc","/data/chamal/projects/chloe/2017_lifestyle/Chloe/3_derivatives/scan/Pydpiper/RCA_25August2019_first_level/4_003_processed/mch_rca_234_003_20181009_115709_131073_mri_lsq6/mch_rca_234_003_20181009_115709_131073_mri_lsq6_I_lsq6_lsq12_and_nlin__concat_inverted_linear_part_displ_log_det_rel_fwhm0.2_res_to_RCA_25August2019_second_level-nlin-3.mnc",0.862708755772904
"156",156,"4_004",1,57,8.14285714285714,"HighFat","HighFat","HighFat","3Tg","HFD_Tg",113,"M","/data/chamal/projects/chloe/2017_lifestyle/Chloe/3_derivatives/scan/Pydpiper/RCA_25August2019_first_level/4_004_processed/mch_rca_114_004_20180705_155819_131073_mri_lsq6/mch_rca_114_004_20180705_155819_131073_mri_lsq6_I_lsq6_lsq12_and_nlin_inverted_displ_log_det_abs_fwhm0.2_res_to_RCA_25August2019_second_level-nlin-3.mnc","/data/chamal/projects/chloe/2017_lifestyle/Chloe/3_derivatives/scan/Pydpiper/RCA_25August2019_first_level/4_004_processed/mch_rca_114_004_20180705_155819_131073_mri_lsq6/mch_rca_114_004_20180705_155819_131073_mri_lsq6_I_lsq6_lsq12_and_nlin__concat_inverted_linear_part_displ_log_det_rel_fwhm0.2_res_to_RCA_25August2019_second_level-nlin-3.mnc",0.956749257242037
"157",157,"4_004",2,119,17,"HighFat","HighFat","HighFat","3Tg","HFD_Tg",113,"M","/data/chamal/projects/chloe/2017_lifestyle/Chloe/3_derivatives/scan/Pydpiper/RCA_25August2019_first_level/4_004_processed/mch_rca_124_004_20180905_171228_131073_mri_lsq6/mch_rca_124_004_20180905_171228_131073_mri_lsq6_I_lsq6_lsq12_and_nlin_inverted_displ_log_det_abs_fwhm0.2_res_to_RCA_25August2019_second_level-nlin-3.mnc","/data/chamal/projects/chloe/2017_lifestyle/Chloe/3_derivatives/scan/Pydpiper/RCA_25August2019_first_level/4_004_processed/mch_rca_124_004_20180905_171228_131073_mri_lsq6/mch_rca_124_004_20180905_171228_131073_mri_lsq6_I_lsq6_lsq12_and_nlin__concat_inverted_linear_part_displ_log_det_rel_fwhm0.2_res_to_RCA_25August2019_second_level-nlin-3.mnc",1.08370691347078
"158",158,"4_004",3,182,26,"HighFat","HighFat","HighFat","3Tg","HFD_Tg",113,"M","/data/chamal/projects/chloe/2017_lifestyle/Chloe/3_derivatives/scan/Pydpiper/RCA_25August2019_first_level/4_004_processed/mch_rca_134_004_20181107_102156_131073_mri_lsq6/mch_rca_134_004_20181107_102156_131073_mri_lsq6_I_lsq6_lsq12_and_nlin_inverted_displ_log_det_abs_fwhm0.2_res_to_RCA_25August2019_second_level-nlin-3.mnc","/data/chamal/projects/chloe/2017_lifestyle/Chloe/3_derivatives/scan/Pydpiper/RCA_25August2019_first_level/4_004_processed/mch_rca_134_004_20181107_102156_131073_mri_lsq6/mch_rca_134_004_20181107_102156_131073_mri_lsq6_I_lsq6_lsq12_and_nlin__concat_inverted_linear_part_displ_log_det_rel_fwhm0.2_res_to_RCA_25August2019_second_level-nlin-3.mnc",0.918135014649281
"159",159,"4_005",1,57,8.14285714285714,"HighFat","HighFat","HighFat","3Tg","HFD_Tg",113,"M","/data/chamal/projects/chloe/2017_lifestyle/Chloe/3_derivatives/scan/Pydpiper/RCA_25August2019_first_level/4_005_processed/mch_rca_114_005_20180705_161737_131073_mri_lsq6/mch_rca_114_005_20180705_161737_131073_mri_lsq6_I_lsq6_lsq12_and_nlin_inverted_displ_log_det_abs_fwhm0.2_res_to_RCA_25August2019_second_level-nlin-3.mnc","/data/chamal/projects/chloe/2017_lifestyle/Chloe/3_derivatives/scan/Pydpiper/RCA_25August2019_first_level/4_005_processed/mch_rca_114_005_20180705_161737_131073_mri_lsq6/mch_rca_114_005_20180705_161737_131073_mri_lsq6_I_lsq6_lsq12_and_nlin__concat_inverted_linear_part_displ_log_det_rel_fwhm0.2_res_to_RCA_25August2019_second_level-nlin-3.mnc",0.825243671613967
"160",160,"4_005",2,119,17,"HighFat","HighFat","HighFat","3Tg","HFD_Tg",113,"M","/data/chamal/projects/chloe/2017_lifestyle/Chloe/3_derivatives/scan/Pydpiper/RCA_25August2019_first_level/4_005_processed/mch_rca124_005_20180905_165643_131073_mri_lsq6/mch_rca124_005_20180905_165643_131073_mri_lsq6_I_lsq6_lsq12_and_nlin_inverted_displ_log_det_abs_fwhm0.2_res_to_RCA_25August2019_second_level-nlin-3.mnc","/data/chamal/projects/chloe/2017_lifestyle/Chloe/3_derivatives/scan/Pydpiper/RCA_25August2019_first_level/4_005_processed/mch_rca124_005_20180905_165643_131073_mri_lsq6/mch_rca124_005_20180905_165643_131073_mri_lsq6_I_lsq6_lsq12_and_nlin__concat_inverted_linear_part_displ_log_det_rel_fwhm0.2_res_to_RCA_25August2019_second_level-nlin-3.mnc",1.09050825089406
"161",161,"4_005",3,182,26,"HighFat","HighFat","HighFat","3Tg","HFD_Tg",113,"M","/data/chamal/projects/chloe/2017_lifestyle/Chloe/3_derivatives/scan/Pydpiper/RCA_25August2019_first_level/4_005_processed/mch_rca_134_005_20181107_104019_131073_mri_lsq6/mch_rca_134_005_20181107_104019_131073_mri_lsq6_I_lsq6_lsq12_and_nlin_inverted_displ_log_det_abs_fwhm0.2_res_to_RCA_25August2019_second_level-nlin-3.mnc","/data/chamal/projects/chloe/2017_lifestyle/Chloe/3_derivatives/scan/Pydpiper/RCA_25August2019_first_level/4_005_processed/mch_rca_134_005_20181107_104019_131073_mri_lsq6/mch_rca_134_005_20181107_104019_131073_mri_lsq6_I_lsq6_lsq12_and_nlin__concat_inverted_linear_part_displ_log_det_rel_fwhm0.2_res_to_RCA_25August2019_second_level-nlin-3.mnc",1.02498731479677
"162",162,"4_006",1,57,8.14285714285714,"HighFat","HighFat","HighFat","3Tg","HFD_Tg",113,"M","/data/chamal/projects/chloe/2017_lifestyle/Chloe/3_derivatives/scan/Pydpiper/RCA_25August2019_first_level/4_006_processed/mch_rca_114_006_20180705_163832_131073_mri_lsq6/mch_rca_114_006_20180705_163832_131073_mri_lsq6_I_lsq6_lsq12_and_nlin_inverted_displ_log_det_abs_fwhm0.2_res_to_RCA_25August2019_second_level-nlin-3.mnc","/data/chamal/projects/chloe/2017_lifestyle/Chloe/3_derivatives/scan/Pydpiper/RCA_25August2019_first_level/4_006_processed/mch_rca_114_006_20180705_163832_131073_mri_lsq6/mch_rca_114_006_20180705_163832_131073_mri_lsq6_I_lsq6_lsq12_and_nlin__concat_inverted_linear_part_displ_log_det_rel_fwhm0.2_res_to_RCA_25August2019_second_level-nlin-3.mnc",0.91484843250655
"163",163,"4_006",2,119,17,"HighFat","HighFat","HighFat","3Tg","HFD_Tg",113,"M","/data/chamal/projects/chloe/2017_lifestyle/Chloe/3_derivatives/scan/Pydpiper/RCA_25August2019_first_level/4_006_processed/mch_rca_124_006_20180905_173057_131073_mri_lsq6/mch_rca_124_006_20180905_173057_131073_mri_lsq6_I_lsq6_lsq12_and_nlin_inverted_displ_log_det_abs_fwhm0.2_res_to_RCA_25August2019_second_level-nlin-3.mnc","/data/chamal/projects/chloe/2017_lifestyle/Chloe/3_derivatives/scan/Pydpiper/RCA_25August2019_first_level/4_006_processed/mch_rca_124_006_20180905_173057_131073_mri_lsq6/mch_rca_124_006_20180905_173057_131073_mri_lsq6_I_lsq6_lsq12_and_nlin__concat_inverted_linear_part_displ_log_det_rel_fwhm0.2_res_to_RCA_25August2019_second_level-nlin-3.mnc",0.943415541110321
"164",164,"4_007",1,57,8.14285714285714,"HighFat","HighFat","HighFat","3Tg","HFD_Tg",117,"M","/data/chamal/projects/chloe/2017_lifestyle/Chloe/3_derivatives/scan/Pydpiper/RCA_25August2019_first_level/4_007_processed/mch_rca_114_007_20180719_123901_131073_mri_lsq6/mch_rca_114_007_20180719_123901_131073_mri_lsq6_I_lsq6_lsq12_and_nlin_inverted_displ_log_det_abs_fwhm0.2_res_to_RCA_25August2019_second_level-nlin-3.mnc","/data/chamal/projects/chloe/2017_lifestyle/Chloe/3_derivatives/scan/Pydpiper/RCA_25August2019_first_level/4_007_processed/mch_rca_114_007_20180719_123901_131073_mri_lsq6/mch_rca_114_007_20180719_123901_131073_mri_lsq6_I_lsq6_lsq12_and_nlin__concat_inverted_linear_part_displ_log_det_rel_fwhm0.2_res_to_RCA_25August2019_second_level-nlin-3.mnc",0.977386731620495
"165",165,"4_007",2,105,15,"HighFat","HighFat","HighFat","3Tg","HFD_Tg",117,"M","/data/chamal/projects/chloe/2017_lifestyle/Chloe/3_derivatives/scan/Pydpiper/RCA_25August2019_first_level/4_007_processed/mch_rca_124_007_20180905_143441_131073_mri_lsq6/mch_rca_124_007_20180905_143441_131073_mri_lsq6_I_lsq6_lsq12_and_nlin_inverted_displ_log_det_abs_fwhm0.2_res_to_RCA_25August2019_second_level-nlin-3.mnc","/data/chamal/projects/chloe/2017_lifestyle/Chloe/3_derivatives/scan/Pydpiper/RCA_25August2019_first_level/4_007_processed/mch_rca_124_007_20180905_143441_131073_mri_lsq6/mch_rca_124_007_20180905_143441_131073_mri_lsq6_I_lsq6_lsq12_and_nlin__concat_inverted_linear_part_displ_log_det_rel_fwhm0.2_res_to_RCA_25August2019_second_level-nlin-3.mnc",1.03860075765484
"166",166,"4_008",1,57,8.14285714285714,"HighFat","HighFat","HighFat","3Tg","HFD_Tg",117,"M","/data/chamal/projects/chloe/2017_lifestyle/Chloe/3_derivatives/scan/Pydpiper/RCA_25August2019_first_level/4_008_processed/mch_rca_114_008_20180719_130008_131073_mri_lsq6/mch_rca_114_008_20180719_130008_131073_mri_lsq6_I_lsq6_lsq12_and_nlin_inverted_displ_log_det_abs_fwhm0.2_res_to_RCA_25August2019_second_level-nlin-3.mnc","/data/chamal/projects/chloe/2017_lifestyle/Chloe/3_derivatives/scan/Pydpiper/RCA_25August2019_first_level/4_008_processed/mch_rca_114_008_20180719_130008_131073_mri_lsq6/mch_rca_114_008_20180719_130008_131073_mri_lsq6_I_lsq6_lsq12_and_nlin__concat_inverted_linear_part_displ_log_det_rel_fwhm0.2_res_to_RCA_25August2019_second_level-nlin-3.mnc",1.12927198280686
"167",167,"4_008",2,105,15,"HighFat","HighFat","HighFat","3Tg","HFD_Tg",117,"M","/data/chamal/projects/chloe/2017_lifestyle/Chloe/3_derivatives/scan/Pydpiper/RCA_25August2019_first_level/4_008_processed/mch_rca_124_008_20180905_145626_131073_mri_lsq6/mch_rca_124_008_20180905_145626_131073_mri_lsq6_I_lsq6_lsq12_and_nlin_inverted_displ_log_det_abs_fwhm0.2_res_to_RCA_25August2019_second_level-nlin-3.mnc","/data/chamal/projects/chloe/2017_lifestyle/Chloe/3_derivatives/scan/Pydpiper/RCA_25August2019_first_level/4_008_processed/mch_rca_124_008_20180905_145626_131073_mri_lsq6/mch_rca_124_008_20180905_145626_131073_mri_lsq6_I_lsq6_lsq12_and_nlin__concat_inverted_linear_part_displ_log_det_rel_fwhm0.2_res_to_RCA_25August2019_second_level-nlin-3.mnc",0.850613254366721
"168",168,"4_009",1,57,8.14285714285714,"HighFat","HighFat","HighFat","3Tg","HFD_Tg",117,"M","/data/chamal/projects/chloe/2017_lifestyle/Chloe/3_derivatives/scan/Pydpiper/RCA_25August2019_first_level/4_009_processed/mch_rca_114_009_20180719_132046_131073_mri_lsq6/mch_rca_114_009_20180719_132046_131073_mri_lsq6_I_lsq6_lsq12_and_nlin_inverted_displ_log_det_abs_fwhm0.2_res_to_RCA_25August2019_second_level-nlin-3.mnc","/data/chamal/projects/chloe/2017_lifestyle/Chloe/3_derivatives/scan/Pydpiper/RCA_25August2019_first_level/4_009_processed/mch_rca_114_009_20180719_132046_131073_mri_lsq6/mch_rca_114_009_20180719_132046_131073_mri_lsq6_I_lsq6_lsq12_and_nlin__concat_inverted_linear_part_displ_log_det_rel_fwhm0.2_res_to_RCA_25August2019_second_level-nlin-3.mnc",0.976197211289031
"169",169,"4_009",2,105,15,"HighFat","HighFat","HighFat","3Tg","HFD_Tg",117,"M","/data/chamal/projects/chloe/2017_lifestyle/Chloe/3_derivatives/scan/Pydpiper/RCA_25August2019_first_level/4_009_processed/mch_rca_124_009_20180905_150827_131073_mri_lsq6/mch_rca_124_009_20180905_150827_131073_mri_lsq6_I_lsq6_lsq12_and_nlin_inverted_displ_log_det_abs_fwhm0.2_res_to_RCA_25August2019_second_level-nlin-3.mnc","/data/chamal/projects/chloe/2017_lifestyle/Chloe/3_derivatives/scan/Pydpiper/RCA_25August2019_first_level/4_009_processed/mch_rca_124_009_20180905_150827_131073_mri_lsq6/mch_rca_124_009_20180905_150827_131073_mri_lsq6_I_lsq6_lsq12_and_nlin__concat_inverted_linear_part_displ_log_det_rel_fwhm0.2_res_to_RCA_25August2019_second_level-nlin-3.mnc",0.996528413536538
"170",170,"4_009",3,167,23.8571428571429,"HighFat","HighFat","HighFat","3Tg","HFD_Tg",117,"M","/data/chamal/projects/chloe/2017_lifestyle/Chloe/3_derivatives/scan/Pydpiper/RCA_25August2019_first_level/4_009_processed/mch_rca_134_009_20181107_115746_131073_mri_lsq6/mch_rca_134_009_20181107_115746_131073_mri_lsq6_I_lsq6_lsq12_and_nlin_inverted_displ_log_det_abs_fwhm0.2_res_to_RCA_25August2019_second_level-nlin-3.mnc","/data/chamal/projects/chloe/2017_lifestyle/Chloe/3_derivatives/scan/Pydpiper/RCA_25August2019_first_level/4_009_processed/mch_rca_134_009_20181107_115746_131073_mri_lsq6/mch_rca_134_009_20181107_115746_131073_mri_lsq6_I_lsq6_lsq12_and_nlin__concat_inverted_linear_part_displ_log_det_rel_fwhm0.2_res_to_RCA_25August2019_second_level-nlin-3.mnc",1.01207787507835
"171",171,"4_010",1,66,9.42857142857143,"HighFat","HighFat","HighFat","3Tg","HFD_Tg",124,"F","/data/chamal/projects/chloe/2017_lifestyle/Chloe/3_derivatives/scan/Pydpiper/RCA_25August2019_first_level/4_010_processed/mch_rca_214_010_20180919_145344_131073_mri_lsq6/mch_rca_214_010_20180919_145344_131073_mri_lsq6_I_lsq6_lsq12_and_nlin_inverted_displ_log_det_abs_fwhm0.2_res_to_RCA_25August2019_second_level-nlin-3.mnc","/data/chamal/projects/chloe/2017_lifestyle/Chloe/3_derivatives/scan/Pydpiper/RCA_25August2019_first_level/4_010_processed/mch_rca_214_010_20180919_145344_131073_mri_lsq6/mch_rca_214_010_20180919_145344_131073_mri_lsq6_I_lsq6_lsq12_and_nlin__concat_inverted_linear_part_displ_log_det_rel_fwhm0.2_res_to_RCA_25August2019_second_level-nlin-3.mnc",1.00342895632581
"172",172,"4_010",2,118,16.8571428571429,"HighFat","HighFat","HighFat","3Tg","HFD_Tg",124,"F","/data/chamal/projects/chloe/2017_lifestyle/Chloe/3_derivatives/scan/Pydpiper/RCA_25August2019_first_level/4_010_processed/mch_rca_224_010_20181110_115214_131073_mri_lsq6/mch_rca_224_010_20181110_115214_131073_mri_lsq6_I_lsq6_lsq12_and_nlin_inverted_displ_log_det_abs_fwhm0.2_res_to_RCA_25August2019_second_level-nlin-3.mnc","/data/chamal/projects/chloe/2017_lifestyle/Chloe/3_derivatives/scan/Pydpiper/RCA_25August2019_first_level/4_010_processed/mch_rca_224_010_20181110_115214_131073_mri_lsq6/mch_rca_224_010_20181110_115214_131073_mri_lsq6_I_lsq6_lsq12_and_nlin__concat_inverted_linear_part_displ_log_det_rel_fwhm0.2_res_to_RCA_25August2019_second_level-nlin-3.mnc",1.11869340508082
"173",173,"4_010",3,194,27.7142857142857,"HighFat","HighFat","HighFat","3Tg","HFD_Tg",124,"F","/data/chamal/projects/chloe/2017_lifestyle/Chloe/3_derivatives/scan/Pydpiper/RCA_25August2019_first_level/4_010_processed/mch_rca_234_010_20190124_180100_131073_mri_lsq6/mch_rca_234_010_20190124_180100_131073_mri_lsq6_I_lsq6_lsq12_and_nlin_inverted_displ_log_det_abs_fwhm0.2_res_to_RCA_25August2019_second_level-nlin-3.mnc","/data/chamal/projects/chloe/2017_lifestyle/Chloe/3_derivatives/scan/Pydpiper/RCA_25August2019_first_level/4_010_processed/mch_rca_234_010_20190124_180100_131073_mri_lsq6/mch_rca_234_010_20190124_180100_131073_mri_lsq6_I_lsq6_lsq12_and_nlin__concat_inverted_linear_part_displ_log_det_rel_fwhm0.2_res_to_RCA_25August2019_second_level-nlin-3.mnc",0.893565625377303
"174",174,"4_011",1,66,9.42857142857143,"HighFat","HighFat","HighFat","3Tg","HFD_Tg",124,"F","/data/chamal/projects/chloe/2017_lifestyle/Chloe/3_derivatives/scan/Pydpiper/RCA_25August2019_first_level/4_011_processed/mch_rca_214_011_20180919_151325_131073_mri_lsq6/mch_rca_214_011_20180919_151325_131073_mri_lsq6_I_lsq6_lsq12_and_nlin_inverted_displ_log_det_abs_fwhm0.2_res_to_RCA_25August2019_second_level-nlin-3.mnc","/data/chamal/projects/chloe/2017_lifestyle/Chloe/3_derivatives/scan/Pydpiper/RCA_25August2019_first_level/4_011_processed/mch_rca_214_011_20180919_151325_131073_mri_lsq6/mch_rca_214_011_20180919_151325_131073_mri_lsq6_I_lsq6_lsq12_and_nlin__concat_inverted_linear_part_displ_log_det_rel_fwhm0.2_res_to_RCA_25August2019_second_level-nlin-3.mnc",0.858017300436495
"175",175,"4_011",2,118,16.8571428571429,"HighFat","HighFat","HighFat","3Tg","HFD_Tg",124,"F","/data/chamal/projects/chloe/2017_lifestyle/Chloe/3_derivatives/scan/Pydpiper/RCA_25August2019_first_level/4_011_processed/mch_rca_224_011_20181110_120919_131073_mri_lsq6/mch_rca_224_011_20181110_120919_131073_mri_lsq6_I_lsq6_lsq12_and_nlin_inverted_displ_log_det_abs_fwhm0.2_res_to_RCA_25August2019_second_level-nlin-3.mnc","/data/chamal/projects/chloe/2017_lifestyle/Chloe/3_derivatives/scan/Pydpiper/RCA_25August2019_first_level/4_011_processed/mch_rca_224_011_20181110_120919_131073_mri_lsq6/mch_rca_224_011_20181110_120919_131073_mri_lsq6_I_lsq6_lsq12_and_nlin__concat_inverted_linear_part_displ_log_det_rel_fwhm0.2_res_to_RCA_25August2019_second_level-nlin-3.mnc",1.15599048306734
"176",176,"4_012",1,66,9.42857142857143,"HighFat","HighFat","HighFat","3Tg","HFD_Tg",124,"F","/data/chamal/projects/chloe/2017_lifestyle/Chloe/3_derivatives/scan/Pydpiper/RCA_25August2019_first_level/4_012_processed/mch_rca_214_012_20180919_152344_131073_mri_lsq6/mch_rca_214_012_20180919_152344_131073_mri_lsq6_I_lsq6_lsq12_and_nlin_inverted_displ_log_det_abs_fwhm0.2_res_to_RCA_25August2019_second_level-nlin-3.mnc","/data/chamal/projects/chloe/2017_lifestyle/Chloe/3_derivatives/scan/Pydpiper/RCA_25August2019_first_level/4_012_processed/mch_rca_214_012_20180919_152344_131073_mri_lsq6/mch_rca_214_012_20180919_152344_131073_mri_lsq6_I_lsq6_lsq12_and_nlin__concat_inverted_linear_part_displ_log_det_rel_fwhm0.2_res_to_RCA_25August2019_second_level-nlin-3.mnc",1.00449082313568
"177",177,"4_012",2,118,16.8571428571429,"HighFat","HighFat","HighFat","3Tg","HFD_Tg",124,"F","/data/chamal/projects/chloe/2017_lifestyle/Chloe/3_derivatives/scan/Pydpiper/RCA_25August2019_first_level/4_012_processed/mch_rca_224_012_20181110_122633_131073_mri_lsq6/mch_rca_224_012_20181110_122633_131073_mri_lsq6_I_lsq6_lsq12_and_nlin_inverted_displ_log_det_abs_fwhm0.2_res_to_RCA_25August2019_second_level-nlin-3.mnc","/data/chamal/projects/chloe/2017_lifestyle/Chloe/3_derivatives/scan/Pydpiper/RCA_25August2019_first_level/4_012_processed/mch_rca_224_012_20181110_122633_131073_mri_lsq6/mch_rca_224_012_20181110_122633_131073_mri_lsq6_I_lsq6_lsq12_and_nlin__concat_inverted_linear_part_displ_log_det_rel_fwhm0.2_res_to_RCA_25August2019_second_level-nlin-3.mnc",0.952540259780855
"178",178,"4_012",3,194,27.7142857142857,"HighFat","HighFat","HighFat","3Tg","HFD_Tg",124,"F","/data/chamal/projects/chloe/2017_lifestyle/Chloe/3_derivatives/scan/Pydpiper/RCA_25August2019_first_level/4_012_processed/mch_rca_234_012_20190124_185221_131073_mri_lsq6/mch_rca_234_012_20190124_185221_131073_mri_lsq6_I_lsq6_lsq12_and_nlin_inverted_displ_log_det_abs_fwhm0.2_res_to_RCA_25August2019_second_level-nlin-3.mnc","/data/chamal/projects/chloe/2017_lifestyle/Chloe/3_derivatives/scan/Pydpiper/RCA_25August2019_first_level/4_012_processed/mch_rca_234_012_20190124_185221_131073_mri_lsq6/mch_rca_234_012_20190124_185221_131073_mri_lsq6_I_lsq6_lsq12_and_nlin__concat_inverted_linear_part_displ_log_det_rel_fwhm0.2_res_to_RCA_25August2019_second_level-nlin-3.mnc",0.875779822155071
"179",179,"4_013",1,63,9,"HighFat","HighFat","HighFat","3Tg","HFD_Tg",136,"M","/data/chamal/projects/chloe/2017_lifestyle/Chloe/3_derivatives/scan/Pydpiper/RCA_25August2019_first_level/4_013_processed/mch_rca_114_013_20180927_113821_131073_mri_lsq6/mch_rca_114_013_20180927_113821_131073_mri_lsq6_I_lsq6_lsq12_and_nlin_inverted_displ_log_det_abs_fwhm0.2_res_to_RCA_25August2019_second_level-nlin-3.mnc","/data/chamal/projects/chloe/2017_lifestyle/Chloe/3_derivatives/scan/Pydpiper/RCA_25August2019_first_level/4_013_processed/mch_rca_114_013_20180927_113821_131073_mri_lsq6/mch_rca_114_013_20180927_113821_131073_mri_lsq6_I_lsq6_lsq12_and_nlin__concat_inverted_linear_part_displ_log_det_rel_fwhm0.2_res_to_RCA_25August2019_second_level-nlin-3.mnc",1.10642522662026
"180",180,"4_013",2,118,16.8571428571429,"HighFat","HighFat","HighFat","3Tg","HFD_Tg",136,"M","/data/chamal/projects/chloe/2017_lifestyle/Chloe/3_derivatives/scan/Pydpiper/RCA_25August2019_first_level/4_013_processed/mch_rca_124_013_20181121_114708_131073_mri_lsq6/mch_rca_124_013_20181121_114708_131073_mri_lsq6_I_lsq6_lsq12_and_nlin_inverted_displ_log_det_abs_fwhm0.2_res_to_RCA_25August2019_second_level-nlin-3.mnc","/data/chamal/projects/chloe/2017_lifestyle/Chloe/3_derivatives/scan/Pydpiper/RCA_25August2019_first_level/4_013_processed/mch_rca_124_013_20181121_114708_131073_mri_lsq6/mch_rca_124_013_20181121_114708_131073_mri_lsq6_I_lsq6_lsq12_and_nlin__concat_inverted_linear_part_displ_log_det_rel_fwhm0.2_res_to_RCA_25August2019_second_level-nlin-3.mnc",0.883610091227333
"181",181,"4_013",3,184,26.2857142857143,"HighFat","HighFat","HighFat","3Tg","HFD_Tg",136,"M","/data/chamal/projects/chloe/2017_lifestyle/Chloe/3_derivatives/scan/Pydpiper/RCA_25August2019_first_level/4_013_processed/mch_rca_134_013_20190125_230403_131073_mri_lsq6/mch_rca_134_013_20190125_230403_131073_mri_lsq6_I_lsq6_lsq12_and_nlin_inverted_displ_log_det_abs_fwhm0.2_res_to_RCA_25August2019_second_level-nlin-3.mnc","/data/chamal/projects/chloe/2017_lifestyle/Chloe/3_derivatives/scan/Pydpiper/RCA_25August2019_first_level/4_013_processed/mch_rca_134_013_20190125_230403_131073_mri_lsq6/mch_rca_134_013_20190125_230403_131073_mri_lsq6_I_lsq6_lsq12_and_nlin__concat_inverted_linear_part_displ_log_det_rel_fwhm0.2_res_to_RCA_25August2019_second_level-nlin-3.mnc",0.920310089267088
"182",182,"4_014",1,63,9,"HighFat","HighFat","HighFat","3Tg","HFD_Tg",136,"M","/data/chamal/projects/chloe/2017_lifestyle/Chloe/3_derivatives/scan/Pydpiper/RCA_25August2019_first_level/4_014_processed/mch_rca_114_014_20180927_115156_131073_mri_lsq6/mch_rca_114_014_20180927_115156_131073_mri_lsq6_I_lsq6_lsq12_and_nlin_inverted_displ_log_det_abs_fwhm0.2_res_to_RCA_25August2019_second_level-nlin-3.mnc","/data/chamal/projects/chloe/2017_lifestyle/Chloe/3_derivatives/scan/Pydpiper/RCA_25August2019_first_level/4_014_processed/mch_rca_114_014_20180927_115156_131073_mri_lsq6/mch_rca_114_014_20180927_115156_131073_mri_lsq6_I_lsq6_lsq12_and_nlin__concat_inverted_linear_part_displ_log_det_rel_fwhm0.2_res_to_RCA_25August2019_second_level-nlin-3.mnc",0.996568840574846
"183",183,"4_014",2,118,16.8571428571429,"HighFat","HighFat","HighFat","3Tg","HFD_Tg",136,"M","/data/chamal/projects/chloe/2017_lifestyle/Chloe/3_derivatives/scan/Pydpiper/RCA_25August2019_first_level/4_014_processed/mch_rca_124_014_20181121_120023_131073_mri_lsq6/mch_rca_124_014_20181121_120023_131073_mri_lsq6_I_lsq6_lsq12_and_nlin_inverted_displ_log_det_abs_fwhm0.2_res_to_RCA_25August2019_second_level-nlin-3.mnc","/data/chamal/projects/chloe/2017_lifestyle/Chloe/3_derivatives/scan/Pydpiper/RCA_25August2019_first_level/4_014_processed/mch_rca_124_014_20181121_120023_131073_mri_lsq6/mch_rca_124_014_20181121_120023_131073_mri_lsq6_I_lsq6_lsq12_and_nlin__concat_inverted_linear_part_displ_log_det_rel_fwhm0.2_res_to_RCA_25August2019_second_level-nlin-3.mnc",0.932668911318874
"184",184,"4_014",3,184,26.2857142857143,"HighFat","HighFat","HighFat","3Tg","HFD_Tg",136,"M","/data/chamal/projects/chloe/2017_lifestyle/Chloe/3_derivatives/scan/Pydpiper/RCA_25August2019_first_level/4_014_processed/mch_rca_134_014_20190125_232359_131073_mri_lsq6/mch_rca_134_014_20190125_232359_131073_mri_lsq6_I_lsq6_lsq12_and_nlin_inverted_displ_log_det_abs_fwhm0.2_res_to_RCA_25August2019_second_level-nlin-3.mnc","/data/chamal/projects/chloe/2017_lifestyle/Chloe/3_derivatives/scan/Pydpiper/RCA_25August2019_first_level/4_014_processed/mch_rca_134_014_20190125_232359_131073_mri_lsq6/mch_rca_134_014_20190125_232359_131073_mri_lsq6_I_lsq6_lsq12_and_nlin__concat_inverted_linear_part_displ_log_det_rel_fwhm0.2_res_to_RCA_25August2019_second_level-nlin-3.mnc",1.00251131400472
"185",185,"4_015",1,63,9,"HighFat","HighFat","HighFat","3Tg","HFD_Tg",136,"M","/data/chamal/projects/chloe/2017_lifestyle/Chloe/3_derivatives/scan/Pydpiper/RCA_25August2019_first_level/4_015_processed/mch_rca_114_015_20180927_121348_131073_mri_lsq6/mch_rca_114_015_20180927_121348_131073_mri_lsq6_I_lsq6_lsq12_and_nlin_inverted_displ_log_det_abs_fwhm0.2_res_to_RCA_25August2019_second_level-nlin-3.mnc","/data/chamal/projects/chloe/2017_lifestyle/Chloe/3_derivatives/scan/Pydpiper/RCA_25August2019_first_level/4_015_processed/mch_rca_114_015_20180927_121348_131073_mri_lsq6/mch_rca_114_015_20180927_121348_131073_mri_lsq6_I_lsq6_lsq12_and_nlin__concat_inverted_linear_part_displ_log_det_rel_fwhm0.2_res_to_RCA_25August2019_second_level-nlin-3.mnc",1.04256696850694
"186",186,"4_015",3,184,26.2857142857143,"HighFat","HighFat","HighFat","3Tg","HFD_Tg",136,"M","/data/chamal/projects/chloe/2017_lifestyle/Chloe/3_derivatives/scan/Pydpiper/RCA_25August2019_first_level/4_015_processed/mch_rca_134_015_20190125_234321_131073_mri_lsq6/mch_rca_134_015_20190125_234321_131073_mri_lsq6_I_lsq6_lsq12_and_nlin_inverted_displ_log_det_abs_fwhm0.2_res_to_RCA_25August2019_second_level-nlin-3.mnc","/data/chamal/projects/chloe/2017_lifestyle/Chloe/3_derivatives/scan/Pydpiper/RCA_25August2019_first_level/4_015_processed/mch_rca_134_015_20190125_234321_131073_mri_lsq6/mch_rca_134_015_20190125_234321_131073_mri_lsq6_I_lsq6_lsq12_and_nlin__concat_inverted_linear_part_displ_log_det_rel_fwhm0.2_res_to_RCA_25August2019_second_level-nlin-3.mnc",0.834776824029973
"187",187,"4_016",1,63,9,"HighFat","HighFat","HighFat","3Tg","HFD_Tg",136,"M","/data/chamal/projects/chloe/2017_lifestyle/Chloe/3_derivatives/scan/Pydpiper/RCA_25August2019_first_level/4_016_processed/mch_rca_114_016_20180927_123233_131073_mri_lsq6/mch_rca_114_016_20180927_123233_131073_mri_lsq6_I_lsq6_lsq12_and_nlin_inverted_displ_log_det_abs_fwhm0.2_res_to_RCA_25August2019_second_level-nlin-3.mnc","/data/chamal/projects/chloe/2017_lifestyle/Chloe/3_derivatives/scan/Pydpiper/RCA_25August2019_first_level/4_016_processed/mch_rca_114_016_20180927_123233_131073_mri_lsq6/mch_rca_114_016_20180927_123233_131073_mri_lsq6_I_lsq6_lsq12_and_nlin__concat_inverted_linear_part_displ_log_det_rel_fwhm0.2_res_to_RCA_25August2019_second_level-nlin-3.mnc",0.939418816765784
"188",188,"4_016",2,118,16.8571428571429,"HighFat","HighFat","HighFat","3Tg","HFD_Tg",136,"M","/data/chamal/projects/chloe/2017_lifestyle/Chloe/3_derivatives/scan/Pydpiper/RCA_25August2019_first_level/4_016_processed/mch_rca_124_016_20181121_123650_131073_mri_lsq6/mch_rca_124_016_20181121_123650_131073_mri_lsq6_I_lsq6_lsq12_and_nlin_inverted_displ_log_det_abs_fwhm0.2_res_to_RCA_25August2019_second_level-nlin-3.mnc","/data/chamal/projects/chloe/2017_lifestyle/Chloe/3_derivatives/scan/Pydpiper/RCA_25August2019_first_level/4_016_processed/mch_rca_124_016_20181121_123650_131073_mri_lsq6/mch_rca_124_016_20181121_123650_131073_mri_lsq6_I_lsq6_lsq12_and_nlin__concat_inverted_linear_part_displ_log_det_rel_fwhm0.2_res_to_RCA_25August2019_second_level-nlin-3.mnc",1.00275862133958
"189",189,"4_016",3,184,26.2857142857143,"HighFat","HighFat","HighFat","3Tg","HFD_Tg",136,"M","/data/chamal/projects/chloe/2017_lifestyle/Chloe/3_derivatives/scan/Pydpiper/RCA_25August2019_first_level/4_016_processed/mch_rca_134_016_20190126_000350_131073_mri_lsq6/mch_rca_134_016_20190126_000350_131073_mri_lsq6_I_lsq6_lsq12_and_nlin_inverted_displ_log_det_abs_fwhm0.2_res_to_RCA_25August2019_second_level-nlin-3.mnc","/data/chamal/projects/chloe/2017_lifestyle/Chloe/3_derivatives/scan/Pydpiper/RCA_25August2019_first_level/4_016_processed/mch_rca_134_016_20190126_000350_131073_mri_lsq6/mch_rca_134_016_20190126_000350_131073_mri_lsq6_I_lsq6_lsq12_and_nlin__concat_inverted_linear_part_displ_log_det_rel_fwhm0.2_res_to_RCA_25August2019_second_level-nlin-3.mnc",1.00819353935689
